{
	"logo":"images/logo.png",
	"icon": [
		{
			"img": "images/icon-rss.png",
			"href": "index.html"
		},
		{
			"img": "images/icon-dribble.png",
			"href": "index.html"
		},
		{
			"img": "images/icon-twitter.png",
			"href": "index.html"
		},
		{
			"img": "images/icon-googleplus.png",
			"href": "index.html"
		},
		{
			"img": "images/icon-dribble.png",
			"href": "index.html"
		},
		{
			"img": "images/icon-flickr.png",
			"href": "index.html"
		},
		{
			"img": "images/icon-tumblr.png",
			"href": "index.html"
		}
	],
	"nav": [
		{
			"title": "Home",
			"href": "index.html"
		},
		{
			"title": "Portfolio",
			"href": "portfolio.html",
			"list": [
				{"title": "Portfolio 5 Columns", "href": "portfolio-columns.html"}, 
				{"title": "Portfolio Post", "href": "portfolio-post.html"}
			]
		},
		{
			"title": "Blog", 
			"href": "blog.html",
			"list": [
				{"title": "Blog Post", "href": "blog-post.html"}
			]
		},
		{
			"title": "Pages", 
			"href": "pages.html",
			"list": [
				{"title": "Full Width Page", "href": "pages.html"}, 
				{"title": "Page with Sidebar", "href": "pages.html"}
			]
		},
		{
			"title": "Styles", 
			"href": "styles.html",
			"list": [
				{"title": "Buttons Boxes Images", "href": "styles.html"}, 
				{"title": "Columns", "href": "styles.html"}, 
				{"title": "Typography", "href": "styles.html"}, 
				{"title": "Tabs Toggle Tables", "href": "styles.html"}, 
				{"title": "Testimonials", "href": "styles.html"}
			]
		},
		{
			"title": "Contact",
			"href": "contact.html"
		}
	]
}