{
	"title":"Our Portfolio",
	"content":"Pellentesque congue, lorem sed pulvinar faucibus, neque elit ullamcorper mi, in pretium odio dolor et ligula. Nullam ultricies ullamcorper turpis id semper. Vestibulum vel turpis sit amet lectus tincidunt euismod. Vestibulum suscipit neque bibendum sapien auctor luctus.",
	"filter":{
		"All":["p1","p2","p3","p4","p5","p6","p7","p8","p9","p10","p11","p12","p13","p14"],
		"CategoryI":["p1","p4","p6","p9","p11","p14"],
		"CategoryII":["p2","p3","p5","p7","p8","p10"],
		"Video":["p5","p13"]
	}
}